{
    "player_pos": [
        330,
        455
    ],
    "score": 39,
    "enemies": [],
    "bullets": [
        {
            "pos": [
                822,
                331
            ],
            "velocity": [
                199.99274848374628,
                1.7031012644601262
            ]
        },
        {
            "pos": [
                1148,
                506
            ],
            "velocity": [
                197.1921506107745,
                33.395444861502135
            ]
        }
    ]
}